path|owner|project|file|language|code|comment|blank
./src/_00/output/Ruby/heartcombo~devise/test/integration/authenticatable_test.rb|heartcombo|devise|authenticatable_test.rb|Ruby|576|2|134
./src/_00/output/Ruby/heartcombo~devise/README.md|heartcombo|devise|README.md|Markdown|530|2|238
./src/_00/output/Ruby/heartcombo~devise/test/models/confirmable_test.rb|heartcombo|devise|confirmable_test.rb|Ruby|487|1|89
./src/_00/output/Ruby/heartcombo~devise/test/failure_app_test.rb|heartcombo|devise|failure_app_test.rb|Ruby|396|3|68
./src/_00/output/Ruby/heartcombo~devise/test/models/lockable_test.rb|heartcombo|devise|lockable_test.rb|Ruby|327|1|61
./src/_00/output/Ruby/heartcombo~devise/lib/devise.rb|heartcombo|devise|devise.rb|Ruby|304|141|101
./src/_00/output/Ruby/heartcombo~devise/test/integration/recoverable_test.rb|heartcombo|devise|recoverable_test.rb|Ruby|303|1|71
./src/_00/output/Ruby/heartcombo~devise/test/integration/registerable_test.rb|heartcombo|devise|registerable_test.rb|Ruby|296|5|90
./src/_00/output/Ruby/heartcombo~devise/test/controllers/helpers_test.rb|heartcombo|devise|helpers_test.rb|Ruby|274|1|53
./src/_00/output/Ruby/heartcombo~devise/test/integration/confirmable_test.rb|heartcombo|devise|confirmable_test.rb|Ruby|268|1|79
./src/_00/output/Ruby/heartcombo~devise/test/models/database_authenticatable_test.rb|heartcombo|devise|database_authenticatable_test.rb|Ruby|259|3|48
./src/_00/output/Ruby/heartcombo~devise/test/routes_test.rb|heartcombo|devise|routes_test.rb|Ruby|218|2|56
./src/_00/output/Ruby/heartcombo~devise/test/models/recoverable_test.rb|heartcombo|devise|recoverable_test.rb|Ruby|214|1|48
./src/_00/output/Ruby/heartcombo~devise/lib/devise/rails/routes.rb|heartcombo|devise|routes.rb|Ruby|212|260|42
./src/_00/output/Ruby/heartcombo~devise/lib/devise/failure_app.rb|heartcombo|devise|failure_app.rb|Ruby|203|26|51
./src/_00/output/Ruby/heartcombo~devise/lib/devise/models/confirmable.rb|heartcombo|devise|confirmable.rb|Ruby|191|132|46
./src/_00/output/Ruby/heartcombo~devise/test/integration/lockable_test.rb|heartcombo|devise|lockable_test.rb|Ruby|175|1|57
./src/_00/output/Ruby/heartcombo~devise/test/integration/rememberable_test.rb|heartcombo|devise|rememberable_test.rb|Ruby|170|4|39
./src/_00/output/Ruby/heartcombo~devise/test/test/controller_helpers_test.rb|heartcombo|devise|controller_helpers_test.rb|Ruby|164|1|43
./src/_00/output/Ruby/heartcombo~devise/lib/devise/controllers/helpers.rb|heartcombo|devise|helpers.rb|Ruby|158|103|34
./src/_00/output/Ruby/heartcombo~devise/test/integration/omniauthable_test.rb|heartcombo|devise|omniauthable_test.rb|Ruby|149|1|32
./src/_00/output/Ruby/heartcombo~devise/test/models/rememberable_test.rb|heartcombo|devise|rememberable_test.rb|Ruby|149|1|34
./src/_00/output/Ruby/heartcombo~devise/test/integration/timeoutable_test.rb|heartcombo|devise|timeoutable_test.rb|Ruby|144|1|41
./src/_00/output/Ruby/heartcombo~devise/app/controllers/devise_controller.rb|heartcombo|devise|devise_controller.rb|Ruby|134|56|36
./src/_00/output/Ruby/heartcombo~devise/lib/devise/models/lockable.rb|heartcombo|devise|lockable.rb|Ruby|131|52|31
./src/_00/output/Ruby/heartcombo~devise/lib/devise/models/authenticatable.rb|heartcombo|devise|authenticatable.rb|Ruby|121|146|35
./src/_00/output/Ruby/heartcombo~devise/app/controllers/devise/registrations_controller.rb|heartcombo|devise|registrations_controller.rb|Ruby|115|26|27
./src/_00/output/Ruby/heartcombo~devise/lib/devise/mapping.rb|heartcombo|devise|mapping.rb|Ruby|115|34|29
./src/_00/output/Ruby/heartcombo~devise/test/models_test.rb|heartcombo|devise|models_test.rb|Ruby|113|6|36
./src/_00/output/Ruby/heartcombo~devise/lib/generators/devise/views_generator.rb|heartcombo|devise|views_generator.rb|Ruby|112|7|26
./src/_00/output/Ruby/heartcombo~devise/test/mapping_test.rb|heartcombo|devise|mapping_test.rb|Ruby|112|1|23
./src/_00/output/Ruby/heartcombo~devise/test/mailers/email_changed_test.rb|heartcombo|devise|email_changed_test.rb|Ruby|108|1|23
./src/_00/output/Ruby/heartcombo~devise/lib/devise/strategies/authenticatable.rb|heartcombo|devise|authenticatable.rb|Ruby|107|43|28
./src/_00/output/Ruby/heartcombo~devise/test/generators/views_generator_test.rb|heartcombo|devise|views_generator_test.rb|Ruby|100|1|20
./src/_00/output/Ruby/heartcombo~devise/lib/devise/models/database_authenticatable.rb|heartcombo|devise|database_authenticatable.rb|Ruby|99|76|29
./src/_00/output/Ruby/heartcombo~devise/test/controllers/internal_helpers_test.rb|heartcombo|devise|internal_helpers_test.rb|Ruby|98|3|28
./src/_00/output/Ruby/heartcombo~devise/test/models/validatable_test.rb|heartcombo|devise|validatable_test.rb|Ruby|96|2|26
./src/_00/output/Ruby/heartcombo~devise/test/devise_test.rb|heartcombo|devise|devise_test.rb|Ruby|95|1|19
./src/_00/output/Ruby/heartcombo~devise/test/generators/active_record_generator_test.rb|heartcombo|devise|active_record_generator_test.rb|Ruby|94|1|23
./src/_00/output/Ruby/heartcombo~devise/test/integration/http_authenticatable_test.rb|heartcombo|devise|http_authenticatable_test.rb|Ruby|94|2|17
./src/_00/output/Ruby/heartcombo~devise/test/controllers/sessions_controller_test.rb|heartcombo|devise|sessions_controller_test.rb|Ruby|93|1|14
./src/_00/output/Ruby/heartcombo~devise/test/mailers/confirmation_instructions_test.rb|heartcombo|devise|confirmation_instructions_test.rb|Ruby|93|1|23
./src/_00/output/Ruby/heartcombo~devise/lib/devise/test/controller_helpers.rb|heartcombo|devise|controller_helpers.rb|Ruby|92|52|22
./src/_00/output/Ruby/heartcombo~devise/test/rails_app/config/routes.rb|heartcombo|devise|routes.rb|Ruby|91|8|31
./src/_00/output/Ruby/heartcombo~devise/test/integration/database_authenticatable_test.rb|heartcombo|devise|database_authenticatable_test.rb|Ruby|84|1|25
./src/_00/output/Ruby/heartcombo~devise/lib/devise/models/rememberable.rb|heartcombo|devise|rememberable.rb|Ruby|82|56|20
./src/_00/output/Ruby/heartcombo~devise/lib/devise/models/recoverable.rb|heartcombo|devise|recoverable.rb|Ruby|79|55|22
./src/_00/output/Ruby/heartcombo~devise/test/mailers/reset_password_instructions_test.rb|heartcombo|devise|reset_password_instructions_test.rb|Ruby|78|1|19
./src/_00/output/Ruby/heartcombo~devise/guides/bug_report_templates/integration_test.rb|heartcombo|devise|integration_test.rb|Ruby|77|2|27
./src/_00/output/Ruby/heartcombo~devise/test/integration/trackable_test.rb|heartcombo|devise|trackable_test.rb|Ruby|77|1|22
./src/_00/output/Ruby/heartcombo~devise/test/parameter_sanitizer_test.rb|heartcombo|devise|parameter_sanitizer_test.rb|Ruby|77|1|27
./src/_00/output/Ruby/heartcombo~devise/test/support/integration.rb|heartcombo|devise|integration.rb|Ruby|77|5|13
./src/_00/output/Ruby/heartcombo~devise/lib/devise/models.rb|heartcombo|devise|models.rb|Ruby|76|27|19
./src/_00/output/Ruby/heartcombo~devise/lib/generators/active_record/devise_generator.rb|heartcombo|devise|devise_generator.rb|Ruby|75|20|24
./src/_00/output/Ruby/heartcombo~devise/lib/devise/parameter_sanitizer.rb|heartcombo|devise|parameter_sanitizer.rb|Ruby|73|81|18
./src/_00/output/Ruby/heartcombo~devise/test/mailers/unlock_instructions_test.rb|heartcombo|devise|unlock_instructions_test.rb|Ruby|73|1|19
./src/_00/output/Ruby/heartcombo~devise/test/support/helpers.rb|heartcombo|devise|helpers.rb|Ruby|72|7|13
./src/_00/output/Ruby/heartcombo~devise/config/locales/en.yml|heartcombo|devise|en.yml|YAML|63|1|1
./src/_00/output/Ruby/heartcombo~devise/test/models/trackable_test.rb|heartcombo|devise|trackable_test.rb|Ruby|62|1|17
./src/_00/output/Ruby/heartcombo~devise/CONTRIBUTING.md|heartcombo|devise|CONTRIBUTING.md|Markdown|61|0|18
./src/_00/output/Ruby/heartcombo~devise/app/controllers/devise/passwords_controller.rb|heartcombo|devise|passwords_controller.rb|Ruby|61|10|12
./src/_00/output/Ruby/heartcombo~devise/app/controllers/devise/sessions_controller.rb|heartcombo|devise|sessions_controller.rb|Ruby|58|10|15
./src/_00/output/Ruby/heartcombo~devise/lib/devise/controllers/sign_in_out.rb|heartcombo|devise|sign_in_out.rb|Ruby|57|43|15
./src/_00/output/Ruby/heartcombo~devise/.github/workflows/test.yml|heartcombo|devise|test.yml|YAML|55|0|0
./src/_00/output/Ruby/heartcombo~devise/lib/devise/mailers/helpers.rb|heartcombo|devise|helpers.rb|Ruby|54|20|13
./src/_00/output/Ruby/heartcombo~devise/test/integration/mounted_engine_test.rb|heartcombo|devise|mounted_engine_test.rb|Ruby|50|4|14
./src/_00/output/Ruby/heartcombo~devise/test/controllers/url_helpers_test.rb|heartcombo|devise|url_helpers_test.rb|Ruby|49|5|13
./src/_00/output/Ruby/heartcombo~devise/test/omniauth/config_test.rb|heartcombo|devise|config_test.rb|Ruby|48|1|12
./src/_00/output/Ruby/heartcombo~devise/lib/devise/controllers/store_location.rb|heartcombo|devise|store_location.rb|Ruby|44|19|13
./src/_00/output/Ruby/heartcombo~devise/lib/devise/rails.rb|heartcombo|devise|rails.rb|Ruby|43|3|11
./src/_00/output/Ruby/heartcombo~devise/test/rails_app/db/migrate/20100401102949_create_tables.rb|heartcombo|devise|20100401102949_create_tables.rb|Ruby|43|14|16
./src/_00/output/Ruby/heartcombo~devise/test/controllers/inherited_controller_i18n_messages_test.rb|heartcombo|devise|inherited_controller_i18n_messages_test.rb|Ruby|42|1|10
./src/_00/output/Ruby/heartcombo~devise/lib/devise/controllers/rememberable.rb|heartcombo|devise|rememberable.rb|Ruby|41|7|8
./src/_00/output/Ruby/heartcombo~devise/lib/devise/models/validatable.rb|heartcombo|devise|validatable.rb|Ruby|40|19|11
./src/_00/output/Ruby/heartcombo~devise/lib/devise/omniauth/config.rb|heartcombo|devise|config.rb|Ruby|40|1|6
./src/_00/output/Ruby/heartcombo~devise/lib/devise/strategies/rememberable.rb|heartcombo|devise|rememberable.rb|Ruby|40|14|13
./src/_00/output/Ruby/heartcombo~devise/test/generators/controllers_generator_test.rb|heartcombo|devise|controllers_generator_test.rb|Ruby|40|1|9
./src/_00/output/Ruby/heartcombo~devise/test/models/timeoutable_test.rb|heartcombo|devise|timeoutable_test.rb|Ruby|40|1|12
./src/_00/output/Ruby/heartcombo~devise/test/rails_app/db/schema.rb|heartcombo|devise|schema.rb|Ruby|39|13|5
./src/_00/output/Ruby/heartcombo~devise/app/controllers/devise/confirmations_controller.rb|heartcombo|devise|confirmations_controller.rb|Ruby|38|7|9
./src/_00/output/Ruby/heartcombo~devise/test/helpers/devise_helper_test.rb|heartcombo|devise|devise_helper_test.rb|Ruby|37|3|11
./src/_00/output/Ruby/heartcombo~devise/test/omniauth/url_helpers_test.rb|heartcombo|devise|url_helpers_test.rb|Ruby|37|4|12
./src/_00/output/Ruby/heartcombo~devise/lib/devise/controllers/url_helpers.rb|heartcombo|devise|url_helpers.rb|Ruby|36|26|7
./src/_00/output/Ruby/heartcombo~devise/test/controllers/custom_strategy_test.rb|heartcombo|devise|custom_strategy_test.rb|Ruby|36|13|13
./src/_00/output/Ruby/heartcombo~devise/app/controllers/devise/unlocks_controller.rb|heartcombo|devise|unlocks_controller.rb|Ruby|35|7|10
./src/_00/output/Ruby/heartcombo~devise/lib/generators/devise/controllers_generator.rb|heartcombo|devise|controllers_generator.rb|Ruby|35|1|10
./src/_00/output/Ruby/heartcombo~devise/test/mailers/mailer_test.rb|heartcombo|devise|mailer_test.rb|Ruby|35|1|10
./src/_00/output/Ruby/heartcombo~devise/devise.gemspec|heartcombo|devise|devise.gemspec|Ruby|34|2|6
./src/_00/output/Ruby/heartcombo~devise/test/models/authenticatable_test.rb|heartcombo|devise|authenticatable_test.rb|Ruby|34|7|9
./src/_00/output/Ruby/heartcombo~devise/test/models/serializable_test.rb|heartcombo|devise|serializable_test.rb|Ruby|34|1|10
./src/_00/output/Ruby/heartcombo~devise/app/views/devise/registrations/edit.html.erb|heartcombo|devise|edit.html.erb|ERB|32|0|10
./src/_00/output/Ruby/heartcombo~devise/lib/devise/parameter_filter.rb|heartcombo|devise|parameter_filter.rb|Ruby|32|2|10
./src/_00/output/Ruby/heartcombo~devise/test/controllers/custom_registrations_controller_test.rb|heartcombo|devise|custom_registrations_controller_test.rb|Ruby|32|1|9
./src/_00/output/Ruby/heartcombo~devise/lib/generators/devise/install_generator.rb|heartcombo|devise|install_generator.rb|Ruby|31|1|10
./src/_00/output/Ruby/heartcombo~devise/lib/devise/orm.rb|heartcombo|devise|orm.rb|Ruby|30|0|7
./src/_00/output/Ruby/heartcombo~devise/lib/generators/devise/orm_helpers.rb|heartcombo|devise|orm_helpers.rb|Ruby|30|3|7
./src/_00/output/Ruby/heartcombo~devise/test/controllers/passwords_controller_test.rb|heartcombo|devise|passwords_controller_test.rb|Ruby|30|1|8
./src/_00/output/Ruby/heartcombo~devise/test/generators/devise_generator_test.rb|heartcombo|devise|devise_generator_test.rb|Ruby|30|1|10
./src/_00/output/Ruby/heartcombo~devise/test/support/webrat/integrations/rails.rb|heartcombo|devise|rails.rb|Ruby|30|4|7
./src/_00/output/Ruby/heartcombo~devise/lib/devise/models/trackable.rb|heartcombo|devise|trackable.rb|Ruby|29|12|10
./src/_00/output/Ruby/heartcombo~devise/test/rails_app/app/mongoid/user.rb|heartcombo|devise|user.rb|Ruby|29|9|12
./src/_00/output/Ruby/heartcombo~devise/CHANGELOG.md|heartcombo|devise|CHANGELOG.md|Markdown|28|0|10
./src/_00/output/Ruby/heartcombo~devise/Rakefile|heartcombo|devise|Rakefile|Ruby|28|4|5
./src/_00/output/Ruby/heartcombo~devise/lib/devise/test/integration_helpers.rb|heartcombo|devise|integration_helpers.rb|Ruby|28|26|9
./src/_00/output/Ruby/heartcombo~devise/app/controllers/devise/omniauth_callbacks_controller.rb|heartcombo|devise|omniauth_callbacks_controller.rb|Ruby|27|1|8
./src/_00/output/Ruby/heartcombo~devise/lib/generators/mongoid/devise_generator.rb|heartcombo|devise|devise_generator.rb|Ruby|27|19|11
./src/_00/output/Ruby/heartcombo~devise/lib/generators/templates/simple_form_for/registrations/edit.html.erb|heartcombo|devise|edit.html.erb|ERB|27|0|8
./src/_00/output/Ruby/heartcombo~devise/test/rails_app/config/application.rb|heartcombo|devise|application.rb|Ruby|27|11|12
./src/_00/output/Ruby/heartcombo~devise/test/test_models.rb|heartcombo|devise|test_models.rb|Ruby|27|1|7
./src/_00/output/Ruby/heartcombo~devise/test/rails_app/app/controllers/custom/registrations_controller.rb|heartcombo|devise|registrations_controller.rb|Ruby|26|1|6
./src/_00/output/Ruby/heartcombo~devise/test/rails_app/app/controllers/users_controller.rb|heartcombo|devise|users_controller.rb|Ruby|26|1|7
./src/_00/output/Ruby/heartcombo~devise/lib/devise/controllers/responder.rb|heartcombo|devise|responder.rb|Ruby|25|6|4
./src/_00/output/Ruby/heartcombo~devise/test/test_helper.rb|heartcombo|devise|test_helper.rb|Ruby|25|3|9
./src/_00/output/Ruby/heartcombo~devise/lib/devise/token_generator.rb|heartcombo|devise|token_generator.rb|Ruby|24|1|7
./src/_00/output/Ruby/heartcombo~devise/test/rails_app/app/controllers/application_with_fake_engine.rb|heartcombo|devise|application_with_fake_engine.rb|Ruby|24|1|7
./src/_00/output/Ruby/heartcombo~devise/test/rails_app/app/mongoid/user_on_engine.rb|heartcombo|devise|user_on_engine.rb|Ruby|24|8|9
./src/_00/output/Ruby/heartcombo~devise/test/rails_app/app/mongoid/user_on_main_app.rb|heartcombo|devise|user_on_main_app.rb|Ruby|24|8|9
./src/_00/output/Ruby/heartcombo~devise/test/rails_app/lib/shared_user.rb|heartcombo|devise|shared_user.rb|Ruby|24|2|6
./src/_00/output/Ruby/heartcombo~devise/test/rails_app/public/404.html|heartcombo|devise|404.html|HTML|24|1|1
./src/_00/output/Ruby/heartcombo~devise/test/rails_app/public/422.html|heartcombo|devise|422.html|HTML|24|1|1
./src/_00/output/Ruby/heartcombo~devise/test/rails_app/public/500.html|heartcombo|devise|500.html|HTML|24|1|1
./src/_00/output/Ruby/heartcombo~devise/test/test/integration_helpers_test.rb|heartcombo|devise|integration_helpers_test.rb|Ruby|24|1|9
./src/_00/output/Ruby/heartcombo~devise/app/mailers/devise/mailer.rb|heartcombo|devise|mailer.rb|Ruby|23|1|6
./src/_00/output/Ruby/heartcombo~devise/app/views/devise/registrations/new.html.erb|heartcombo|devise|new.html.erb|ERB|23|0|6
./src/_00/output/Ruby/heartcombo~devise/lib/devise/hooks/timeoutable.rb|heartcombo|devise|timeoutable.rb|Ruby|23|6|6
./src/_00/output/Ruby/heartcombo~devise/test/support/assertions.rb|heartcombo|devise|assertions.rb|Ruby|23|1|6
./src/_00/output/Ruby/heartcombo~devise/lib/devise/omniauth/url_helpers.rb|heartcombo|devise|url_helpers.rb|Ruby|22|1|4
./src/_00/output/Ruby/heartcombo~devise/lib/generators/templates/simple_form_for/passwords/edit.html.erb|heartcombo|devise|edit.html.erb|ERB|22|0|5
./src/_00/output/Ruby/heartcombo~devise/test/rails_app/app/mongoid/user_with_validations.rb|heartcombo|devise|user_with_validations.rb|Ruby|22|6|9
./src/_00/output/Ruby/heartcombo~devise/test/rails_app/config/initializers/devise.rb|heartcombo|devise|devise.rb|Ruby|22|136|41
./src/_00/output/Ruby/heartcombo~devise/app/views/devise/sessions/new.html.erb|heartcombo|devise|new.html.erb|ERB|21|0|5
./src/_00/output/Ruby/heartcombo~devise/lib/devise/models/timeoutable.rb|heartcombo|devise|timeoutable.rb|Ruby|21|17|7
./src/_00/output/Ruby/heartcombo~devise/lib/devise/strategies/database_authenticatable.rb|heartcombo|devise|database_authenticatable.rb|Ruby|21|5|5
./src/_00/output/Ruby/heartcombo~devise/lib/generators/templates/simple_form_for/registrations/new.html.erb|heartcombo|devise|new.html.erb|ERB|21|0|4
./src/_00/output/Ruby/heartcombo~devise/test/rails_app/app/mongoid/user_without_email.rb|heartcombo|devise|user_without_email.rb|Ruby|21|6|8
./src/_00/output/Ruby/heartcombo~devise/test/rails_app/app/views/layouts/application.html.erb|heartcombo|devise|application.html.erb|ERB|21|0|3
./src/_00/output/Ruby/heartcombo~devise/.devcontainer/devcontainer.json|heartcombo|devise|devcontainer.json|JSON|20|0|5
./src/_00/output/Ruby/heartcombo~devise/app/views/devise/passwords/edit.html.erb|heartcombo|devise|edit.html.erb|ERB|20|0|5
./src/_00/output/Ruby/heartcombo~devise/app/views/devise/shared/_links.html.erb|heartcombo|devise|_links.html.erb|ERB|20|0|5
./src/_00/output/Ruby/heartcombo~devise/lib/devise/encryptor.rb|heartcombo|devise|encryptor.rb|Ruby|20|1|3
./src/_00/output/Ruby/heartcombo~devise/lib/devise/omniauth.rb|heartcombo|devise|omniauth.rb|Ruby|20|2|5
./src/_00/output/Ruby/heartcombo~devise/lib/generators/devise/devise_generator.rb|heartcombo|devise|devise_generator.rb|Ruby|20|1|7
./src/_00/output/Ruby/heartcombo~devise/app/helpers/devise_helper.rb|heartcombo|devise|devise_helper.rb|Ruby|19|3|8
./src/_00/output/Ruby/heartcombo~devise/test/generators/install_generator_test.rb|heartcombo|devise|install_generator_test.rb|Ruby|19|1|6
./src/_00/output/Ruby/heartcombo~devise/test/rails_app/app/controllers/home_controller.rb|heartcombo|devise|home_controller.rb|Ruby|19|1|7
./src/_00/output/Ruby/heartcombo~devise/lib/devise/modules.rb|heartcombo|devise|modules.rb|Ruby|18|6|6
./src/_00/output/Ruby/heartcombo~devise/test/generators/mongoid_generator_test.rb|heartcombo|devise|mongoid_generator_test.rb|Ruby|18|1|6
./src/_00/output/Ruby/heartcombo~devise/test/rails_app/app/mongoid/shim.rb|heartcombo|devise|shim.rb|Ruby|18|2|5
./src/_00/output/Ruby/heartcombo~devise/test/rails_app/config/boot.rb|heartcombo|devise|boot.rb|Ruby|18|3|6
./src/_00/output/Ruby/heartcombo~devise/lib/generators/templates/simple_form_for/sessions/new.html.erb|heartcombo|devise|new.html.erb|ERB|17|0|3
./src/_00/output/Ruby/heartcombo~devise/test/controllers/helper_methods_test.rb|heartcombo|devise|helper_methods_test.rb|Ruby|17|1|6
./src/_00/output/Ruby/heartcombo~devise/test/rails_app/app/mongoid/admin.rb|heartcombo|devise|admin.rb|Ruby|17|6|8
./src/_00/output/Ruby/heartcombo~devise/lib/devise/hooks/proxy.rb|heartcombo|devise|proxy.rb|Ruby|16|3|4
./src/_00/output/Ruby/heartcombo~devise/lib/devise/models/registerable.rb|heartcombo|devise|registerable.rb|Ruby|16|9|4
./src/_00/output/Ruby/heartcombo~devise/lib/devise/strategies/base.rb|heartcombo|devise|base.rb|Ruby|16|4|2
./src/_00/output/Ruby/heartcombo~devise/lib/generators/templates/devise.rb|heartcombo|devise|devise.rb|Ruby|16|243|54
./src/_00/output/Ruby/heartcombo~devise/lib/generators/templates/simple_form_for/confirmations/new.html.erb|heartcombo|devise|new.html.erb|ERB|16|0|4
./src/_00/output/Ruby/heartcombo~devise/test/controllers/load_hooks_controller_test.rb|heartcombo|devise|load_hooks_controller_test.rb|Ruby|16|1|4
./src/_00/output/Ruby/heartcombo~devise/test/rails_app/config/environments/test.rb|heartcombo|devise|test.rb|Ruby|16|18|9
./src/_00/output/Ruby/heartcombo~devise/app/views/devise/shared/_error_messages.html.erb|heartcombo|devise|_error_messages.html.erb|ERB|15|0|0
./src/_00/output/Ruby/heartcombo~devise/lib/devise/controllers/scoped_views.rb|heartcombo|devise|scoped_views.rb|Ruby|15|1|3
./src/_00/output/Ruby/heartcombo~devise/lib/generators/active_record/templates/migration_existing.rb|heartcombo|devise|migration_existing.rb|Ruby|15|7|5
./src/_00/output/Ruby/heartcombo~devise/lib/generators/templates/simple_form_for/unlocks/new.html.erb|heartcombo|devise|new.html.erb|ERB|15|0|4
./src/_00/output/Ruby/heartcombo~devise/test/delegator_test.rb|heartcombo|devise|delegator_test.rb|Ruby|15|1|5
./src/_00/output/Ruby/heartcombo~devise/test/rails_app/config/environments/production.rb|heartcombo|devise|production.rb|Ruby|15|44|23
./src/_00/output/Ruby/heartcombo~devise/test/rails_app/lib/shared_user_without_email.rb|heartcombo|devise|shared_user_without_email.rb|Ruby|15|9|4
./src/_00/output/Ruby/heartcombo~devise/CODE_OF_CONDUCT.md|heartcombo|devise|CODE_OF_CONDUCT.md|Markdown|14|0|8
./src/_00/output/Ruby/heartcombo~devise/lib/devise/models/omniauthable.rb|heartcombo|devise|omniauthable.rb|Ruby|14|11|4
./src/_00/output/Ruby/heartcombo~devise/lib/generators/templates/simple_form_for/passwords/new.html.erb|heartcombo|devise|new.html.erb|ERB|14|0|4
./src/_00/output/Ruby/heartcombo~devise/test/rails_app/lib/shared_admin.rb|heartcombo|devise|shared_admin.rb|Ruby|14|1|4
./src/_00/output/Ruby/heartcombo~devise/ISSUE_TEMPLATE.md|heartcombo|devise|ISSUE_TEMPLATE.md|Markdown|13|0|7
./src/_00/output/Ruby/heartcombo~devise/lib/devise/delegator.rb|heartcombo|devise|delegator.rb|Ruby|13|2|3
./src/_00/output/Ruby/heartcombo~devise/lib/devise/test_helpers.rb|heartcombo|devise|test_helpers.rb|Ruby|13|1|1
./src/_00/output/Ruby/heartcombo~devise/lib/generators/active_record/templates/migration.rb|heartcombo|devise|migration.rb|Ruby|13|3|4
./src/_00/output/Ruby/heartcombo~devise/test/orm/active_record.rb|heartcombo|devise|active_record.rb|Ruby|13|1|3
./src/_00/output/Ruby/heartcombo~devise/test/rails_app/app/controllers/users/omniauth_callbacks_controller.rb|heartcombo|devise|omniauth_callbacks_controller.rb|Ruby|13|1|2
./src/_00/output/Ruby/heartcombo~devise/test/rails_test.rb|heartcombo|devise|rails_test.rb|Ruby|13|1|3
./src/_00/output/Ruby/heartcombo~devise/app/views/devise/confirmations/new.html.erb|heartcombo|devise|new.html.erb|ERB|12|0|4
./src/_00/output/Ruby/heartcombo~devise/app/views/devise/passwords/new.html.erb|heartcombo|devise|new.html.erb|ERB|12|0|4
./src/_00/output/Ruby/heartcombo~devise/app/views/devise/unlocks/new.html.erb|heartcombo|devise|new.html.erb|ERB|12|0|4
./src/_00/output/Ruby/heartcombo~devise/lib/devise/hooks/csrf_cleaner.rb|heartcombo|devise|csrf_cleaner.rb|Ruby|11|2|1
./src/_00/output/Ruby/heartcombo~devise/lib/devise/rails/warden_compat.rb|heartcombo|devise|warden_compat.rb|Ruby|11|1|3
./src/_00/output/Ruby/heartcombo~devise/lib/devise/time_inflector.rb|heartcombo|devise|time_inflector.rb|Ruby|11|1|4
./src/_00/output/Ruby/heartcombo~devise/test/orm/mongoid.rb|heartcombo|devise|mongoid.rb|Ruby|11|1|3
./src/_00/output/Ruby/heartcombo~devise/test/rails_app/app/active_record/user.rb|heartcombo|devise|user.rb|Ruby|11|2|6
./src/_00/output/Ruby/heartcombo~devise/test/rails_app/config/database.yml|heartcombo|devise|database.yml|YAML|11|5|2
./src/_00/output/Ruby/heartcombo~devise/test/rails_app/config/environments/development.rb|heartcombo|devise|development.rb|Ruby|11|12|9
./src/_00/output/Ruby/heartcombo~devise/test/rails_app/lib/shared_user_without_omniauth.rb|heartcombo|devise|shared_user_without_omniauth.rb|Ruby|11|1|3
./src/_00/output/Ruby/heartcombo~devise/test/support/webrat/matchers.rb|heartcombo|devise|matchers.rb|Ruby|11|1|0
./src/_00/output/Ruby/heartcombo~devise/test/rails_app/app/controllers/admins_controller.rb|heartcombo|devise|admins_controller.rb|Ruby|10|1|4
./src/_00/output/Ruby/heartcombo~devise/bin/test|heartcombo|devise|test|Ruby|9|0|3
./src/_00/output/Ruby/heartcombo~devise/test/support/locale/en.yml|heartcombo|devise|en.yml|YAML|8|0|0
./src/_00/output/Ruby/heartcombo~devise/lib/devise/hooks/activatable.rb|heartcombo|devise|activatable.rb|Ruby|7|4|1
./src/_00/output/Ruby/heartcombo~devise/lib/devise/hooks/rememberable.rb|heartcombo|devise|rememberable.rb|Ruby|7|1|1
./src/_00/output/Ruby/heartcombo~devise/test/rails_app/app/active_record/user_with_validations.rb|heartcombo|devise|user_with_validations.rb|Ruby|7|1|4
./src/_00/output/Ruby/heartcombo~devise/test/rails_app/app/controllers/application_controller.rb|heartcombo|devise|application_controller.rb|Ruby|7|3|3
./src/_00/output/Ruby/heartcombo~devise/test/rails_app/app/controllers/streaming_controller.rb|heartcombo|devise|streaming_controller.rb|Ruby|7|1|3
./src/_00/output/Ruby/heartcombo~devise/.github/dependabot.yml|heartcombo|devise|dependabot.yml|YAML|6|0|0
./src/_00/output/Ruby/heartcombo~devise/app/views/devise/mailer/email_changed.html.erb|heartcombo|devise|email_changed.html.erb|ERB|6|0|1
./src/_00/output/Ruby/heartcombo~devise/test/models/omniauthable_test.rb|heartcombo|devise|omniauthable_test.rb|Ruby|6|1|2
./src/_00/output/Ruby/heartcombo~devise/test/models/registerable_test.rb|heartcombo|devise|registerable_test.rb|Ruby|6|1|2
./src/_00/output/Ruby/heartcombo~devise/test/rails_app/app/active_record/user_on_engine.rb|heartcombo|devise|user_on_engine.rb|Ruby|6|1|2
./src/_00/output/Ruby/heartcombo~devise/test/rails_app/app/active_record/user_on_main_app.rb|heartcombo|devise|user_on_main_app.rb|Ruby|6|1|2
./src/_00/output/Ruby/heartcombo~devise/test/rails_app/app/active_record/user_without_email.rb|heartcombo|devise|user_without_email.rb|Ruby|6|1|3
./src/_00/output/Ruby/heartcombo~devise/test/rails_app/app/controllers/admins/sessions_controller.rb|heartcombo|devise|sessions_controller.rb|Ruby|6|1|1
./src/_00/output/Ruby/heartcombo~devise/test/support/action_controller/record_identifier.rb|heartcombo|devise|record_identifier.rb|Ruby|6|3|3
./src/_00/output/Ruby/heartcombo~devise/test/support/http_method_compatibility.rb|heartcombo|devise|http_method_compatibility.rb|Ruby|6|1|2
./src/_00/output/Ruby/heartcombo~devise/test/support/mongoid.yml|heartcombo|devise|mongoid.yml|YAML|6|0|0
./src/_00/output/Ruby/heartcombo~devise/app/views/devise/mailer/reset_password_instructions.html.erb|heartcombo|devise|reset_password_instructions.html.erb|ERB|5|0|3
./src/_00/output/Ruby/heartcombo~devise/lib/devise/hooks/forgetable.rb|heartcombo|devise|forgetable.rb|Ruby|5|5|1
./src/_00/output/Ruby/heartcombo~devise/lib/devise/hooks/lockable.rb|heartcombo|devise|lockable.rb|Ruby|5|3|1
./src/_00/output/Ruby/heartcombo~devise/lib/devise/hooks/trackable.rb|heartcombo|devise|trackable.rb|Ruby|5|5|1
./src/_00/output/Ruby/heartcombo~devise/test/rails_app/app/active_record/admin.rb|heartcombo|devise|admin.rb|Ruby|5|1|2
./src/_00/output/Ruby/heartcombo~devise/test/rails_app/lib/lazy_load_test_module.rb|heartcombo|devise|lazy_load_test_module.rb|Ruby|5|0|0
./src/_00/output/Ruby/heartcombo~devise/test/support/locale/pt-BR.yml|heartcombo|devise|pt-BR.yml|YAML|5|0|0
./src/_00/output/Ruby/heartcombo~devise/app/views/devise/mailer/unlock_instructions.html.erb|heartcombo|devise|unlock_instructions.html.erb|ERB|4|0|3
./src/_00/output/Ruby/heartcombo~devise/lib/devise/orm/active_record.rb|heartcombo|devise|active_record.rb|Ruby|4|1|2
./src/_00/output/Ruby/heartcombo~devise/lib/devise/orm/mongoid.rb|heartcombo|devise|mongoid.rb|Ruby|4|1|2
./src/_00/output/Ruby/heartcombo~devise/test/rails_app/app/mailers/users/reply_to_mailer.rb|heartcombo|devise|reply_to_mailer.rb|Ruby|4|1|1
./src/_00/output/Ruby/heartcombo~devise/test/rails_app/bin/rails|heartcombo|devise|rails|Ruby|4|0|0
./src/_00/output/Ruby/heartcombo~devise/test/rails_app/bin/rake|heartcombo|devise|rake|Ruby|4|0|0
./src/_00/output/Ruby/heartcombo~devise/app/views/devise/mailer/confirmation_instructions.html.erb|heartcombo|devise|confirmation_instructions.html.erb|ERB|3|0|2
./src/_00/output/Ruby/heartcombo~devise/lib/devise/version.rb|heartcombo|devise|version.rb|Ruby|3|1|1
./src/_00/output/Ruby/heartcombo~devise/test/rails_app/app/mailers/users/from_proc_mailer.rb|heartcombo|devise|from_proc_mailer.rb|Ruby|3|1|1
./src/_00/output/Ruby/heartcombo~devise/test/rails_app/app/mailers/users/mailer.rb|heartcombo|devise|mailer.rb|Ruby|3|1|1
./src/_00/output/Ruby/heartcombo~devise/test/rails_app/bin/bundle|heartcombo|devise|bundle|Ruby|3|0|0
./src/_00/output/Ruby/heartcombo~devise/app/views/devise/mailer/password_change.html.erb|heartcombo|devise|password_change.html.erb|ERB|2|0|1
./src/_00/output/Ruby/heartcombo~devise/lib/generators/templates/controllers/confirmations_controller.rb|heartcombo|devise|confirmations_controller.rb|Ruby|2|22|6
./src/_00/output/Ruby/heartcombo~devise/lib/generators/templates/controllers/omniauth_callbacks_controller.rb|heartcombo|devise|omniauth_callbacks_controller.rb|Ruby|2|21|7
./src/_00/output/Ruby/heartcombo~devise/lib/generators/templates/controllers/passwords_controller.rb|heartcombo|devise|passwords_controller.rb|Ruby|2|25|7
./src/_00/output/Ruby/heartcombo~devise/lib/generators/templates/controllers/registrations_controller.rb|heartcombo|devise|registrations_controller.rb|Ruby|2|48|12
./src/_00/output/Ruby/heartcombo~devise/lib/generators/templates/controllers/sessions_controller.rb|heartcombo|devise|sessions_controller.rb|Ruby|2|19|6
./src/_00/output/Ruby/heartcombo~devise/lib/generators/templates/controllers/unlocks_controller.rb|heartcombo|devise|unlocks_controller.rb|Ruby|2|22|6
./src/_00/output/Ruby/heartcombo~devise/test/rails_app/Rakefile|heartcombo|devise|Rakefile|Ruby|2|2|2
./src/_00/output/Ruby/heartcombo~devise/test/rails_app/app/active_record/shim.rb|heartcombo|devise|shim.rb|Ruby|2|1|1
./src/_00/output/Ruby/heartcombo~devise/test/rails_app/app/controllers/publisher/registrations_controller.rb|heartcombo|devise|registrations_controller.rb|Ruby|2|1|1
./src/_00/output/Ruby/heartcombo~devise/test/rails_app/app/controllers/publisher/sessions_controller.rb|heartcombo|devise|sessions_controller.rb|Ruby|2|1|1
./src/_00/output/Ruby/heartcombo~devise/test/rails_app/app/helpers/application_helper.rb|heartcombo|devise|application_helper.rb|Ruby|2|2|1
./src/_00/output/Ruby/heartcombo~devise/test/rails_app/app/views/admins/sessions/new.html.erb|heartcombo|devise|new.html.erb|ERB|2|0|0
./src/_00/output/Ruby/heartcombo~devise/test/rails_app/config.ru|heartcombo|devise|config.ru|Ruby|2|1|1
./src/_00/output/Ruby/heartcombo~devise/test/rails_app/config/environment.rb|heartcombo|devise|environment.rb|Ruby|2|3|2
./src/_00/output/Ruby/heartcombo~devise/test/rails_app/config/initializers/inflections.rb|heartcombo|devise|inflections.rb|Ruby|2|1|1
./src/_00/output/Ruby/heartcombo~devise/test/rails_app/config/initializers/secret_token.rb|heartcombo|devise|secret_token.rb|Ruby|2|1|2
./src/_00/output/Ruby/heartcombo~devise/test/rails_app/app/views/admins/index.html.erb|heartcombo|devise|index.html.erb|ERB|1|0|0
./src/_00/output/Ruby/heartcombo~devise/test/rails_app/app/views/home/admin_dashboard.html.erb|heartcombo|devise|admin_dashboard.html.erb|ERB|1|0|0
./src/_00/output/Ruby/heartcombo~devise/test/rails_app/app/views/home/index.html.erb|heartcombo|devise|index.html.erb|ERB|1|0|0
./src/_00/output/Ruby/heartcombo~devise/test/rails_app/app/views/home/join.html.erb|heartcombo|devise|join.html.erb|ERB|1|0|0
./src/_00/output/Ruby/heartcombo~devise/test/rails_app/app/views/home/private.html.erb|heartcombo|devise|private.html.erb|ERB|1|0|0
./src/_00/output/Ruby/heartcombo~devise/test/rails_app/app/views/home/user_dashboard.html.erb|heartcombo|devise|user_dashboard.html.erb|ERB|1|0|0
./src/_00/output/Ruby/heartcombo~devise/test/rails_app/app/views/users/edit_form.html.erb|heartcombo|devise|edit_form.html.erb|ERB|1|0|0
./src/_00/output/Ruby/heartcombo~devise/test/rails_app/app/views/users/index.html.erb|heartcombo|devise|index.html.erb|ERB|1|0|0
./src/_00/output/Ruby/heartcombo~devise/test/rails_app/app/views/users/mailer/confirmation_instructions.erb|heartcombo|devise|confirmation_instructions.erb|ERB|1|0|0
./src/_00/output/Ruby/heartcombo~devise/test/rails_app/app/views/users/sessions/new.html.erb|heartcombo|devise|new.html.erb|ERB|1|0|0
./src/_00/output/Ruby/heartcombo~devise/test/rails_app/config/initializers/backtrace_silencers.rb|heartcombo|devise|backtrace_silencers.rb|Ruby|1|5|3
./src/_00/output/Ruby/heartcombo~devise/test/rails_app/config/initializers/session_store.rb|heartcombo|devise|session_store.rb|Ruby|1|1|1
